eps,avg_N,max_N,avg_R,max_R,avg_ratio,max_ratio,max_S_prime,clusters_found
0.81,10.0,10,0.9245235184211269,0.6046734298516003,40.367451935734934,62.28225966478055,1.1486603861162676,4
0.8200000000000001,10.5,11,0.9926490453897253,0.5888032185772429,33.68296744712631,35.63723079394157,1.089156338696762,2
0.8300000000000001,10.0,10,1.0237071358987453,0.6305242759596186,31.21019264726523,40.32277276492193,1.2489742852185604,3
0.8400000000000001,10.0,10,1.2678912865256942,0.7153310569287603,19.542757286700798,19.542757286700798,1.6075483144477798,1
0.8500000000000001,10.375,12,0.9815451497397788,0.6305635524069781,35.125341640649374,53.47165371114809,1.2491298916004434,8
0.8600000000000001,10.125,11,1.0053923059586687,0.6682850534054534,33.19519898641637,47.67555639863511,1.4030507124973872,8
0.8700000000000001,10.333333333333334,12,1.0023688817351522,0.616586943589177,33.047810608842674,43.58763402959095,1.1943689954547283,6
0.8800000000000001,10.206521739130435,13,1.028138870522642,0.7454397173220297,32.153483941779065,55.048546768245664,1.7457213749255036,92
0.8900000000000001,10.197943444730077,14,1.0298614560997097,0.8690807183092973,31.78166586384419,68.29666228003613,2.3728489994209503,1167
0.9000000000000001,10.214285714285714,11,1.0560649592309177,0.6587332833534354,29.571135214274555,41.603980142868224,1.3632298506338207,14
0.9100000000000001,10.217003567181926,16,1.0554170956750275,0.8920492465147237,30.373530378222167,62.74006836435266,2.4999281918250658,1683
0.9200000000000002,10.18600097895252,19,1.0650375871852031,0.976083542768018,29.65304566484462,58.58249419945695,2.993118102252275,2043
0.9300000000000002,10.197707736389685,18,1.077153667941974,1.0786688251034753,28.983093025146484,59.71281823048148,3.6553260980976794,2443
0.9400000000000002,10.203592814371257,17,1.0876781557635555,1.0027518162727869,28.567664925360436,62.718523072493745,3.158906614850772,3006
0.9500000000000002,10.226355247981546,15,1.0988912497909915,0.956184411275994,28.05271502040534,63.037148959266716,2.872322438139144,3468
0.9600000000000002,10.225706079463858,16,1.1137941174945885,0.945154973905119,27.22459959892894,68.59254815206657,2.806441029550017,4178
0.9700000000000002,10.226045744900063,18,1.1269607634836458,0.9434590091681001,26.635521053393454,61.49694633800536,2.7963784369125904,4853
0.9800000000000002,10.239625640120078,17,1.1382299273650633,0.9737402416775932,26.252516817062073,62.23669302907638,2.9787640893907663,5663
0.9900000000000002,10.264785757392879,16,1.1567658659678048,1.0254803851054133,25.411699437995814,63.66265444418719,3.3037303140146643,6628
1.0000000000000002,10.254944219066937,17,1.1653250337711847,1.0927372786906104,24.96965226914885,61.378633728058915,3.751296494607482,7888
1.0100000000000002,10.264795474325501,16,1.1776058075282818,1.0745168259388562,24.51748075199772,66.93605823976476,3.627240181158122,9192
1.0200000000000002,10.260614525139665,17,1.1869398763593286,1.038848912862754,24.133827837014298,62.034659165854954,3.390428983198456,10740
1.0300000000000002,10.261128302785052,17,1.1995120470135407,1.0644542319965458,23.64215330199486,67.95469543851016,3.559621806283236,12603
1.0400000000000003,10.276513612352701,18,1.2144636082430937,1.1967147213787417,23.1016483813217,62.79322421429778,4.499156911317848,14766
1.0500000000000003,10.283165382335508,17,1.2274322867094791,1.1777621783193908,22.613856995077185,61.66590557857008,4.357777778471881,16870
1.0600000000000003,10.290837458329124,19,1.238281327676471,1.2602803994027385,22.240761293652003,62.637815797846784,4.989812613616547,19798
1.0700000000000003,10.301974599860822,20,1.252764389409592,1.3303734151783289,21.76435372474857,62.18315762006339,5.560284177888592,22992
1.0800000000000003,10.3133617921499,19,1.2661808155754866,1.1705115463797513,21.315873669336803,62.072424379661356,4.304287550205803,26471
1.0900000000000003,10.320304017372422,19,1.278178303849421,1.220001552299109,20.947150181095726,62.30608871911211,4.675958404737822,30393
1.1000000000000003,10.322475570032573,20,1.2900911546796454,1.3146261564453816,20.570182350170928,61.172857247058765,5.429432154716294,34998
1.1100000000000003,10.330186114337971,18,1.3036923092257808,1.289733758256209,20.16478352381398,65.47285247416094,5.225766585915078,40459
1.1200000000000003,10.337880310448782,19,1.3151305839720833,1.3756730498734202,19.844435337340276,68.12479598900086,5.945389767301574,46771
1.1300000000000003,10.347760942445639,20,1.329229104706654,1.3874182556215886,19.429236136491966,64.66704902745903,6.047344112085185,53393
1.1400000000000003,10.361072469528352,19,1.3427078551167053,1.3293643837151259,19.063811511573384,63.85567944605024,5.551852899943916,60384
1.1500000000000004,10.364909662327971,20,1.3550760841506488,1.2944958772260196,18.729884069100358,62.6791881157371,5.264428309925658,69683
1.1600000000000004,10.37139198232244,20,1.368309575670879,1.4016637879831977,18.38386316563927,61.60631730885264,6.17216574105719,79649
1.1700000000000004,10.386342677466306,20,1.3825019269059666,1.4385599769680737,18.0287786032637,63.191449702220055,6.501384019657785,90003
1.1800000000000004,10.391632902123504,20,1.3948932272575727,1.4361614252828565,17.721942401951402,62.611914688786094,6.479722210951291,102425
1.1900000000000004,10.404007407788466,20,1.4072184571644337,1.4315004324739542,17.431713955332093,62.78527064301165,6.437731208228709,116634
1.2000000000000004,10.415647256286574,21,1.4221661727162804,1.4629866424719355,17.097782839074476,62.24781408268482,6.724044740525246,132266
1.2100000000000004,10.424485194548765,25,1.4349890946984207,1.5945927903046395,16.79919110914598,63.274257487611166,7.988209845996984,149911
1.2200000000000004,10.434009910991218,23,1.4484596796749036,1.5974187366152375,16.50666014785786,62.23974112905306,8.01654843549551,168298
1.2300000000000004,10.444360376833068,21,1.461309317300963,1.4988827726682117,16.241351160993794,67.31975965647099,7.058057772369471,190323
1.2400000000000004,10.45934318754647,24,1.4747795359007982,1.673507836034352,15.96917269728283,58.0710775000502,8.79843384962071,213851
1.2500000000000004,10.470630957784838,25,1.4894149081273511,1.65446432089014,15.677351541974467,62.58900360712182,8.59933136829434,242330
1.2600000000000005,10.479848039808877,24,1.5026290423202768,1.7041626646934354,15.418769370913903,61.896167496521954,9.123720354881392,272703
1.2700000000000005,10.487198222758133,28,1.515594312286764,1.8342230901832557,15.167358891965174,62.275409014150696,10.569493724800106,305192
1.2800000000000005,10.501031265154923,24,1.5291724980583599,1.6517269082797637,14.917516896421857,61.49023003299303,8.570898668099098,342298
1.2900000000000005,10.514954517000138,26,1.543578293505002,1.874354128392665,14.662918032244171,61.50933568640867,11.037053987679538,381791
1.3000000000000005,10.528273983903704,24,1.5575939534165564,1.6702058728279399,14.420446376501813,62.463380233828936,8.76374809175184,426682
1.3100000000000005,10.539561531175641,26,1.5716149828116843,1.853738373777429,14.183413578676722,61.07760956961022,10.7955992181495,476157
1.3200000000000005,10.551208415407155,24,1.585466438973896,1.7927039078267624,13.952183862478922,66.4916451819797,10.096410575453252,531026
1.3300000000000005,10.566943520471632,26,1.6001773544678342,1.9434196430510926,13.7213614191032,62.40455475070513,11.865418175595346,591648
1.3400000000000005,10.580222300742626,28,1.6139450238936426,1.8693554178154188,13.507003848575707,62.026384063807505,10.978263100814145,656588
1.3500000000000005,10.590502536993542,26,1.627770063977853,1.9360858621137729,13.293443275799977,62.636054971206676,11.776035329648876,730195
1.3600000000000005,10.608413764706027,28,1.6427132488163607,2.0509365526998016,13.078632455829108,61.70130194197566,13.214609177333012,811147
1.3700000000000006,10.619548502115178,27,1.6565059586837911,1.938675928417705,12.875144952494423,61.828961748287306,11.807564007786208,898033
1.3800000000000006,10.635328582787384,36,1.6719419657925247,2.257561891898185,12.661483881413844,64.08428547342653,16.011396180161892,992307
1.3900000000000006,10.651018471331192,28,1.6862086984184252,2.0231326368587146,12.467822481168989,62.47653558699976,12.85874502798062,1096889
1.4000000000000006,10.66352887315447,29,1.700043255823149,2.0339067132945168,12.285231429773853,61.09427119647636,12.99606671969952,1210086
1.4100000000000006,10.680991340414435,27,1.7151293934391816,2.0795518596820055,12.091482289965642,62.512584361059155,13.585930330200052,966328
1.4200000000000006,10.689959294436907,22,1.7271519467059722,1.767281767464875,11.921488815669058,43.6874222507748,9.81208872604856,14740
1.4300000000000006,10.702995931451115,23,1.7435888239051462,1.9194467629315513,11.724263992941587,34.868415897814344,11.574494024986477,16222
1.4400000000000006,10.739690147124387,24,1.7611893780644907,1.9573306141264584,11.535999137250316,46.05107080991283,12.035891121473288,17944
1.4500000000000006,10.746880210175314,23,1.7739895720339882,1.8835580470272024,11.392175531798673,45.92837451123084,11.14571387981475,19793
1.4600000000000006,10.75774992933195,24,1.7896489768895136,2.019609597085279,11.187626688512545,35.93796476532996,12.8140001353394,21226
1.4700000000000006,10.78937697632681,28,1.8056387061288974,2.2920653151965933,11.027643853837034,44.24906159645734,16.504556211282345,23402
1.4800000000000006,10.8028836811628,26,1.8221583847694847,2.0319278838412287,10.85377580965896,42.167692208078975,12.970790743042093,25731
1.4900000000000007,10.818434343434344,24,1.8381950244473932,2.1141234274251435,10.677022430571954,39.610322213993285,14.041404494132353,27720
1.5000000000000007,10.848538298219827,32,1.8543352432078315,2.395035439787215,10.533609921423524,42.557521466560864,18.02078731078018,30615
1.5100000000000007,10.868254827648439,25,1.8695219565975372,2.0270594340141166,10.390696505882302,61.42076447746742,12.908709805680148,33246
1.5200000000000007,10.891802562211478,27,1.883786426956227,2.330440637570704,10.261129038183878,45.94224747360705,17.061843822548262,36609
1.5300000000000007,10.896591053098467,28,1.8984471993804162,2.1706372721497074,10.103634083071121,55.13191339714692,14.802135817186112,39455
1.5400000000000007,10.918073970690859,28,1.91626774148833,2.322600758036551,9.93878315782447,45.52026019663305,16.94724077189741,42990
1.5500000000000007,10.940298828797795,27,1.9324012236075214,2.3034618894364858,9.805358603922908,45.313222773042426,16.669091682005384,46448
1.5600000000000007,10.972572452942934,28,1.9502653742448797,2.2263186919509863,9.648767865081902,44.32475146883173,15.57128802235345,50205
1.5700000000000007,10.97759599758979,29,1.963987890119657,2.330375953194324,9.531841740856564,41.86779959012534,17.060896688866016,54767
1.5800000000000007,11.01330238972134,28,1.9836843978213379,2.4154619101259547,9.3738663112127,48.29856374136201,18.329484858979644,59463
1.5900000000000007,11.032410365084065,30,1.9975299413038858,2.428381459468069,9.265145003774961,35.791908970993724,18.526086586212237,64177
1.6000000000000008,11.045448629889378,30,2.013292527223401,2.5083351708158825,9.130962080650399,48.39136568777476,19.76610090432164,69155
1.6100000000000008,11.082959760913651,30,2.0324184496018742,2.3997386417203175,8.99950469862891,46.27251993588999,18.091632709266847,74952
1.6200000000000008,11.095840823157504,32,2.0477111830613732,2.5435668854783002,8.88148548893436,40.99765761703854,20.32526409552415,80665
1.6300000000000008,11.127762834086877,31,2.066646295695505,2.5585433091705916,8.741848966279752,39.234109863605404,20.565317475316764,87365
1.6400000000000008,11.150592973819647,30,2.0836328741754997,2.5323484395726448,8.614295824398907,35.28837696618515,20.14636961575015,93849
1.6500000000000008,11.181485402218112,34,2.101228312407199,2.649712914661328,8.505419300610386,36.64493888334348,22.057054571246173,101077
1.6600000000000008,11.204687110446272,33,2.118187264053587,2.564000143070634,8.391251146165278,50.64240763758895,20.653134002474484,108297
1.6700000000000008,11.233436884180815,32,2.1367998784759714,2.9529209576040323,8.270927282575512,51.24012139902868,27.393877979719345,116207
1.6800000000000008,11.271492923037533,36,2.1555962921294283,2.8009517082128155,8.16184414823286,55.139492481059975,24.64683257500344,124983
1.6900000000000008,11.289499913817007,36,2.172473862642861,2.7803885927114758,8.054877698481503,43.52525134691207,24.28627278643966,133437
1.7000000000000008,11.318241657205347,33,2.1900001108204274,2.785661139509327,7.9481722981172425,48.2746182565424,24.3784699156088,143567
1.7100000000000009,11.355965481028264,38,2.2099483116354355,3.046382228969466,7.837317930352164,38.788027847502725,29.155376844382666,153307
1.7200000000000009,11.38318008741751,35,2.2271901494427238,3.0397896649769343,7.740395655467429,39.81537685177674,29.029325221665477,163354
1.7300000000000009,11.418393752587754,38,2.2474044777984976,3.163529107417286,7.626260999745662,43.2638044025138,31.440796682318208,173896
1.7400000000000009,11.42917778447237,39,2.262493766610716,3.0418316903967133,7.533190990374552,47.317465878196614,29.06834011231193,185888
1.7500000000000009,11.480463526217887,42,2.285589820532198,3.414681669982571,7.424191665331241,47.25287306709565,36.63113027090368,198910
1.760000000000001,11.520267873611328,37,2.3058370297386994,3.000374487014891,7.324506409134515,37.617691926757544,28.281393236815816,211443
1.770000000000001,11.559354073598517,40,2.325598050051158,3.53766876096128,7.230880065967997,36.02881594827507,39.31734704292268,224298
1.780000000000001,11.593250979210605,40,2.3456700546624254,3.3769433937671955,7.132501491813345,33.97642174399325,35.82592680807731,238968
1.790000000000001,11.626322977797194,39,2.3647692026475284,3.3394012151752177,7.043550467353338,38.228604256659786,35.03378613089899,254067
1.800000000000001,11.665664868885996,38,2.3851755146165377,3.3901604561501966,6.951917711178607,35.456114340922916,36.10691473091224,268850
1.810000000000001,11.705789131210512,39,2.4068200994422346,3.424945548156563,6.856089415444047,46.78559607444097,36.851673532579085,285846
1.820000000000001,11.741586208038687,46,2.4266656249113643,3.6989905967356527,6.770298452887117,43.2276862364896,42.98494023788676,301915
1.830000000000001,11.780077247147052,47,2.447154354445555,3.7485716608788424,6.688817522425763,61.82387756126501,44.14499865276105,319494
1.840000000000001,11.82364913837734,57,2.468506408745385,4.4326675239872095,6.600722430969359,38.27125149019767,61.72771324754242,338025
1.850000000000001,11.867133571542492,46,2.4907191283043213,3.80486777772248,6.513220073980689,40.2107638392571,45.48089592665632,357389
1.860000000000001,11.90872514173485,51,2.5120380532418896,3.928928883915826,6.429659567405017,29.980903483493393,48.49513899783528,377289
1.870000000000001,11.954369436406575,48,2.534259701800601,3.939893687258092,6.345635072162341,34.09214372770588,48.766195901101824,398461
1.880000000000001,12.00015019811847,56,2.5565244812348245,4.0987699465336,6.268069935063437,51.03445749759412,52.77848977931793,419446
1.890000000000001,12.041490834052519,49,2.5784304120205297,3.848580339161984,6.186733501437584,40.992915358712786,46.53192146985984,441471
1.900000000000001,12.096214487308183,48,2.602301243425626,3.9960049497197567,6.108071376673619,38.787282045704984,50.16512603370701,465221
1.910000000000001,12.144673738242705,62,2.625852904676799,4.4273930751969885,6.0288627867305475,38.1323905232939,61.58090054100378,489377
1.920000000000001,12.198194040372174,47,2.649616198587713,4.203354147016636,5.952762090114154,35.91523136441765,55.50624360765352,513522
1.930000000000001,12.240431262848997,54,2.67179760278935,4.416517469030981,5.878907291993824,45.15873551447756,61.27873308651608,539439
1.940000000000001,12.303152037914357,55,2.6980723387912646,4.492100021414883,5.802046557237295,33.402894593099184,63.39408066874917,565063
1.950000000000001,12.354322782875393,58,2.720923406039316,4.581451480348557,5.7344629709870345,31.4396792682553,65.94107999105196,592107
1.960000000000001,12.416790639700857,53,2.7473962565765855,4.434991773551641,5.660597472695329,30.901156083206665,61.79246352440918,621775
1.970000000000001,12.476747881682805,59,2.7735919843977275,4.462379753052985,5.587085737301025,36.69186438133413,62.55801005489234,648156
1.980000000000001,12.527906880850136,56,2.7972735774809445,4.726720966980679,5.520066456602935,39.7033040672114,70.18912094610425,679044
1.990000000000001,12.588911706049776,75,2.8239845642758055,5.576972703836073,5.449420808511882,38.95586468073171,97.71177676012904,709018
2.000000000000001,12.649782464360321,60,2.8500480248557087,4.830053446445673,5.382010358259165,41.161393212369184,73.29152284654904,741028
2.010000000000001,12.71116852841185,68,2.8759633184893336,5.201618372633404,5.316847122956932,42.129770358974625,85.00154996409658,772125
2.0200000000000014,12.782882776531697,62,2.9041716179067976,5.4102705558718,5.250435350728024,31.81209997025167,91.957644918488,804745
2.030000000000001,12.847024165619942,62,2.9317302706886643,4.880357725822092,5.183803584383941,32.32591273403053,74.82611306090268,839126
2.040000000000001,12.918943824206982,77,2.959708625290115,5.744083894399166,5.121468460377854,49.70498099323773,103.65527813624053,874665
2.050000000000001,12.986637071584207,69,2.9881934692904126,5.371304131458798,5.056157137533165,31.361503867296648,90.6378008503574,908259
2.0600000000000014,13.053558936876513,69,3.0154865523404837,5.571833642966913,4.996835068653722,36.95630976427308,97.53178111148114,943484
2.070000000000001,13.137217655415267,75,3.0468488792793424,5.600850477408596,4.932086519046124,31.378714558155608,98.55027264901057,979167
2.080000000000001,13.211575075852592,70,3.0763347321626218,5.781727724451177,4.873055731476096,32.42354798792599,105.01833882842708,1015786
2.090000000000001,13.295898979304894,71,3.1077725084329404,5.968046381678306,4.813710161656561,35.67187966750004,111.89592017037792,1052616
2.1000000000000014,13.375169366445734,79,3.13797441390799,6.244939839824539,4.755202839495915,30.058670723735123,122.51983144661028,1090830
2.110000000000001,13.45327451141642,78,3.1687274600155146,6.479211578046488,4.696469746434376,30.761862995483384,131.88463348214228,1130871
2.120000000000001,13.533617604246938,78,3.1997272779199686,5.971848495935828,4.640377920067426,38.15178570049086,112.03853856370448,1167900
2.1300000000000012,13.639336706993092,88,3.2357494173425505,6.866333023673486,4.580587450881372,31.174048535678853,148.11518975180962,1206405
2.1400000000000015,13.72487746031848,83,3.2672733442370374,6.351489209663794,4.527107132802052,26.994402875965648,126.73629356639792,1246739
2.1500000000000012,13.817207006557387,80,3.3014582129177157,6.287967189314339,4.471094363649478,46.22771857010118,124.21395969795392,1287708
2.160000000000001,13.915357704325492,79,3.3359871857315087,6.273958014500801,4.418546016206539,26.210521184425716,123.66109529187251,1326878
