eps,n,meanN,meanR,medR,stdR,meanRt,medRt,stdRt,meanS,meanU,medU,frac_cens,Rt_q05,R_q05,u_q05,Rt_q25,R_q25,u_q25,Rt_q50,R_q50,u_q50,Rt_q75,R_q75,u_q75,Rt_q90,R_q90,u_q90,Rt_q95,R_q95,u_q95,Rt_q99,R_q99,u_q99
0.95,3468,10.226355247981546,28.05271502040534,26.589461701974948,6.907314081636863,25.31757530591582,23.996989186032394,6.233850958677269,1.2075619788672074,1.33801881314926,1.3336987941098268,0.0002883506343713956,17.711630742747463,19.625075615232646,0.8553337902035797,20.889145770014643,23.145867889212898,1.1239781203797532,23.996989186032394,26.589461701974948,1.3336987941098268,28.30718732283707,31.36530451283886,1.536702763993639,33.279623684113226,36.87492928987615,1.723028200129018,37.14116240864007,41.153642558049945,1.8358355843889884,46.63670731655958,51.675021957406734,2.132122695366252
1.0,7888,10.254944219066937,24.96965226914885,23.90543393639789,5.94548871186213,24.96965226914885,23.90543393639789,5.94548871186213,1.357982434333813,1.357982434333813,1.3415050779710502,0.0,17.509524016550667,17.509524016550667,0.8741693677980449,20.704334910215795,20.704334910215795,1.1386649359741947,23.90543393639789,23.90543393639789,1.3415050779710502,27.979397029671027,27.979397029671027,1.560107220285804,32.71289864530841,32.71289864530841,1.7543538023335652,36.20972021543715,36.20972021543715,1.873046145039126,44.32678030962359,44.32678030962359,2.1804134645900133
1.05,16870,10.283165382335508,22.61385699507719,21.466041658106853,5.600612457434188,24.9317773370726,23.666310928062806,6.174675234321192,1.506590018456861,1.3665215586910302,1.3562741838748684,0.0,17.497721899139638,15.870949568380622,0.8690115006629988,20.622216854592587,18.70495859826992,1.1481667131397257,23.666310928062806,21.466041658106853,1.3562741838748684,27.866647415264488,25.275870671441716,1.57027314070239,32.81463793217471,29.76384392941017,1.763352608157176,36.51556921646889,33.1206977020126,1.886374802139342,45.28403986856415,41.07395906445728,2.205151659728632
1.1,34998,10.322475570032573,20.570182350170928,19.56367333339464,5.1214811700330785,24.889920643706823,23.672044733407514,6.196992215740026,1.6643351873826608,1.375483625936083,1.3591887850321214,0.0,17.44326223573128,14.415919203083698,0.8695613337950308,20.59627442906984,17.02171440418995,1.1521152214906218,23.672044733407514,19.56367333339464,1.3591887850321214,27.753898103296862,22.937105870493273,1.5737595175224994,32.673371928466906,27.00278671774124,1.7751119839332676,36.54664884303588,30.20384201903791,1.9098602713892547,45.73148923524769,37.79461920268404,2.357422615403917
1.15,69683,10.364909662327971,18.729884069100358,17.774527376020327,4.690454297234397,24.770271681385218,23.50681245478688,6.203125808092489,1.8362311938370564,1.388454588912708,1.370143780578508,0.0,17.38359431690628,13.144494757585091,0.8769727345893956,20.521215309282958,15.516987001348173,1.1612949950524651,23.50681245478688,17.774527376020327,1.370143780578508,27.572521820706406,20.84878776612961,1.5849549597591355,32.545118124458476,24.60878497123515,1.7973886747429495,36.2971200936372,27.445837499914713,1.9441625010763033,45.79275726495574,34.62590341395519,2.434031043171018
1.2,132266,10.415647256286574,17.097782839074476,16.245565447627445,4.281375594842944,24.620807288267248,23.39361424458352,6.16518085657384,2.0225566228184735,1.4045532102906069,1.3811039952520128,0.0,17.290657172886878,12.007400814504777,0.8847918061700799,20.406142773727897,14.170932481755484,1.1696912239556887,23.39361424458352,16.245565447627445,1.3811039952520128,27.421403912591895,19.042641605966594,1.6010703050940835,32.24713986174163,22.393847126209465,1.821073934531832,35.98795741172566,24.99163709147615,1.9870685507829327,45.57846333721337,31.65171065084262,2.531012913818051
1.25,242330,10.470630957784838,15.677351541974463,14.90496152762932,3.9155148743059747,24.4958617843351,23.289002386920814,6.117991991103086,2.2183567685520056,1.4197483318732833,1.3908555977843364,0.0,17.223857449005436,11.023268767363477,0.8918865640824775,20.341878888683723,13.018802488757583,1.1786931535705731,23.289002386920814,14.90496152762932,1.3908555977843364,27.2436690597471,17.435948198238144,1.6129124613012713,32.04198206336965,20.50686852055658,1.8424315415920955,35.73356699743559,22.869482878358777,2.0339296215740386,45.201451142490356,28.928928731193828,2.6444253551063284
1.3,426682,10.528273983903704,14.42044637650181,13.717021674433816,3.5834127046899176,24.370554376288066,23.181766629793152,6.055967470925961,2.4260989237198176,1.4355614933253356,1.4008818256624926,0.0,17.148192387551145,10.146859400917837,0.8973067809047914,20.25829265586482,11.98715541767149,1.1869036090476033,23.181766629793152,13.717021674433816,1.4008818256624926,27.09922560040075,16.035044733964938,1.6281279476843828,31.8456742556618,18.843594234119408,1.8714592095219775,35.546259809977556,21.033289828389083,2.0867371216757262,44.89141716623206,26.562968737415417,2.731954137354607
1.35,730195,10.590502536993542,13.293443275799975,12.65167297929656,3.3041733116487575,24.22730037014545,23.057674004767982,6.021855860479862,2.6496353811824624,1.4538465740370163,1.41193648080167,0.0,17.047712008728134,9.354025793540812,0.9056832845273737,20.146756808479523,11.054461897656802,1.1961089828443217,23.057674004767982,12.65167297929656,1.41193648080167,26.943910525241563,14.784038696977536,1.6446997783927213,31.655241068402123,17.36913090172956,1.9052318486248163,35.242191380962595,19.33727922137865,2.155049541156109,44.6283698879583,24.487445754709626,2.8320164969951853
1.4,1210086,10.66352887315447,12.285231429773855,11.699677843156373,3.0465318208203223,24.07905360235675,22.931368572586486,5.97120236880783,2.890147071669773,1.4745648324845781,1.424078202500912,0.0,16.92828190090063,8.636878520867668,0.9123112284690919,20.03817304255457,10.22355767477274,1.2054947981752058,22.931368572586486,11.699677843156373,1.424078202500912,26.773610517358705,13.660005365999341,1.6634308558346613,31.4204875272059,16.03086098326832,1.9468081785432867,35.030615446512016,17.8727629829143,2.241032576192469,44.22822582677611,22.565421340191897,2.941612919149002
1.45,19793,10.746880210175314,11.392175531798673,10.84531656134329,2.837071833459707,23.952049055606707,22.80227807022427,5.964943529849034,3.1470390016853322,1.4968080864139512,1.4359680453211385,0.0,16.832634422490276,8.006009237807504,0.9175604580121902,19.951647523754446,9.489487526161449,1.2149011446263216,22.80227807022427,10.84531656134329,1.4359680453211385,26.6345406774476,12.66803361590849,1.6831665181557751,31.22079221533146,14.849366095282502,1.9969367784869725,34.88391948416265,16.591638280220046,2.335496978776031,44.27337105665689,21.05748920649555,3.0636219362725474
1.5,30615,10.848538298219827,10.533609921423523,10.041106685406916,2.6005293758769894,23.70062232320293,22.59249004216556,5.851191095723226,3.438559194202648,1.5282485307567326,1.4539061552567027,0.0,16.62025676399527,7.386780783997897,0.9352028648229997,19.741895602993843,8.774175823552818,1.229245980364568,22.59249004216556,10.041106685406916,1.4539061552567027,26.393199519226663,11.730310897434073,1.7139413696425312,30.87128682875263,13.720571923890057,2.076273623924913,34.28936541639586,15.239717962842604,2.4543134027355236,43.16877426699777,19.186121896443453,3.2094731408549286
1.55,46448,10.940298828797795,9.805358603922908,9.349101871096227,2.436497818080791,23.55737404592479,22.46121724530869,5.853686007939101,3.7341744889998463,1.5542869881372927,1.4668067029332534,0.0,16.483631557713547,6.8610329064364395,0.9372763924151493,19.614666032309632,8.164273062355724,1.237411831723687,22.46121724530869,9.349101871096227,1.4668067029332534,26.21477070557414,10.911455028334707,1.7381090965305266,30.707342920655908,12.781412245850532,2.1573924751385576,34.243665226851206,14.253346608470846,2.5537114691320717,42.81316170325457,17.820254611136136,3.3438263712208287
1.6,69155,11.045448629889378,9.130962080650399,8.726818336990204,2.2728020380115184,23.375262926465023,22.34065494269493,5.818373217309489,4.053346800173588,1.5833385938178073,1.4834190983033266,0.0,16.354030816414166,6.388293287661782,0.9494221377556311,19.49398985872387,7.6148397885640104,1.251393648772758,22.34065494269493,8.726818336990204,1.4834190983033266,25.974940094367387,10.14646097436226,1.7661702685035423,30.42687733088206,11.885498957375804,2.241602380483045,33.79940820452412,13.202893829892231,2.6556734928442007,42.72682313088598,16.690165285502335,3.4715830790079565
1.65,101077,11.181485402218112,8.505419300610384,8.12323683704903,2.0891780581294728,23.156004045911775,22.11551228886598,5.687787263257489,4.415160420861607,1.6217301821346581,1.502967107998018,0.0,16.1571058509428,5.9346577964895495,0.9571689120912416,19.319711664036422,7.096312824255803,1.263771837963668,22.11551228886598,8.12323683704903,1.502967107998018,25.78693739772897,9.471786004675472,1.8068503743860602,30.171266562506638,11.082191574841742,2.3466401020600136,33.579267066763435,12.33398239366885,2.7706641264187004,42.13440224394845,15.47636446058713,3.6941414884583597
1.7,143567,11.318241657205347,7.948172298117244,7.5894026645881825,1.9683947357876115,22.97021794155883,21.933373700659846,5.688660786426197,4.796100485393484,1.6595503409666033,1.5212449089329287,0.0,15.983544395140099,5.530638199010416,0.9633406624774312,19.1481551961312,6.62565923741564,1.2771848185274994,21.933373700659846,7.5894026645881825,1.5212449089329287,25.563340298635737,8.845446470116173,1.8479196813012735,29.98572555934282,10.37568358454769,2.454169934506845,33.39203250562863,11.554336507137936,2.90052338770913,41.95965951494013,14.518913326968905,3.876758566273343
1.75,198910,11.480463526217887,7.424191665331242,7.102284438320016,1.843243036770598,22.73658697507693,21.750746092355048,5.644931800109957,5.223920827720405,1.7057700661944177,1.5442343833198295,0.0,15.76080992589663,5.146386914578492,0.9786451603536999,18.943473553048243,6.185624017321874,1.292550973142805,21.750746092355048,7.102284438320016,1.5442343833198295,25.340278367747487,8.27437660987673,1.899714539870935,29.633217883590042,9.676152778315116,2.5810235599155917,32.96189012733964,10.763066164029272,3.0390046070782057,41.67642277977523,13.608627846457217,4.1044182917535394
1.8,268850,11.665664868885996,6.951917711178606,6.652091981054571,1.7275547587406241,22.524213384218683,21.552778018616813,5.5972774183196226,5.689062235526266,1.755883406026625,1.566470579662298,0.0,15.550208698053156,4.799447129028752,0.9892565645184879,18.761563496990842,5.790606017589765,1.3057675854724866,21.552778018616813,6.652091981054571,1.566470579662298,25.13449144527334,7.757559088047326,1.968028539107551,29.373532336874604,9.065905042245248,2.701618125309444,32.57296271165455,10.053383552979797,3.197892087616277,41.17656236530832,12.708815544848248,4.3654965537240695
1.85,357389,11.867133571542492,6.5132200739806905,6.236272081758142,1.6320900252486408,22.291495703198912,21.34364119981724,5.585828111413474,6.203681776101039,1.812617027348733,1.5923356399347304,0.0,15.312563916083903,4.474087338519767,0.997041969552989,18.54051141766391,5.417242196541682,1.3226815973058574,21.34364119981724,6.236272081758142,1.5923356399347304,24.892308014165806,7.273136015826386,2.0509146856936074,29.113451703858082,8.506486984326685,2.836169068846736,32.33161208142581,9.44678220056269,3.3723042122219113,40.771549988884736,11.912797659279688,4.690217460010282
1.9,465221,12.096214487308183,6.108071376673619,5.849159008113444,1.5391857011214103,22.050137669791766,21.115464019289533,5.55646038104829,6.771971761534561,1.8758924547187155,1.6218468706924152,0.0,15.070864246472004,4.174754638911913,1.007763337654059,18.30544931647395,5.07076158351079,1.3392605452051165,21.115464019289533,5.849159008113444,1.6218468706924152,24.667541773049653,6.833114064556691,2.1540125571919924,28.852030345338296,7.992252173223905,2.984453571516498,32.05638716480107,8.879885641219134,3.5718886832081784,40.3040580682681,11.164559021680915,5.0058944414154345
1.95,592107,12.354322782875393,5.734462970987035,5.495090076398534,1.4542294047147002,21.8052954471782,20.895080015505425,5.529707311427647,7.403424181532593,1.9469886078981178,1.6527503757966704,0.0,14.825452812390271,3.898869904639125,1.0180684210367017,18.076012977674832,4.753718074339206,1.3565406581905783,20.895080015505425,5.495090076398534,1.6527503757966704,24.420454693608196,6.422210307326285,2.272570595601086,28.560930101702688,7.511092728915894,3.1464607990016775,31.73083976032852,8.344731034931893,3.797444634783792,39.889309306535324,10.490285156222308,5.398829379387858
2.0,741028,12.649782464360321,5.382010358259166,5.158236976618488,1.3733059539746768,21.528041433036663,20.63294790647395,5.493223815898707,8.122773743983926,2.0306934359959814,1.691735738110825,0.0,14.557800483514775,3.639450120878694,1.0300806854005358,17.791889395546743,4.447972348886686,1.3754223552926406,20.63294790647395,5.158236976618488,1.691735738110825,24.15707889088246,6.039269722720615,2.4057170862450548,28.317017704672228,7.079254426168057,3.3420377161516073,31.425047129191107,7.856261782297777,4.061336002971192,39.46016937512487,9.865042343781218,5.839783603732881
